url,source_domain,scrape_timestamp,title_raw,content_raw,date_raw,status
https://www.theguardian.com/environment/2023/dec/08/mass-deaths-elephant-seals-penguins-bird-flu-antarctic-ecological-disaster-aoe,theguardian.com,2025-12-14 17:33:40,Mass deaths of elephant seals recorded as bird flu sweeps across the Antarctic | Antarctica | The Guardian,"Mass deaths of elephant seals recorded as bird flu sweeps across the Antarctic | Antarctica | The Guardian Skip to main content Skip to navigation Skip to navigation Elephant seals on South Georgia. Hundreds of the animals, as well as fur seals, have been found dead, while thousands of sea lions have died in Chile and Peru. Photograph: Ashley Cooper/Alamy View image in fullscreen Elephant seals on South Georgia. Hundreds of the animals, as well as fur seals, have been found dead, while thousands of sea lions have died in Chile and Peru. Photograph: Ashley Cooper/Alamy This article is more than 2 years old Mass deaths of elephant seals recorded as bird flu sweeps across the Antarctic This article is more than 2 years old Researchers warn of one of ‘largest ecological disasters of modern times’ if the highly contagious disease reaches penguin colonies Bird flu is spreading in the Antarctic, with hundreds of elephant seals found dead, and fears it could bring “one of the largest ecological disasters of modern times” if the highly contagious virus reaches the remote penguin populations. The virus was first reported among brown skua on Bird Island, off South Georgia. Since then, researchers and observers have reported mass deaths of elephant seals, as well as increased deaths of fur seals, kelp gulls and brown skua at several other sites. Cases have been confirmed 900 miles (1,500km) west of South Georgia, among southern fulmar on the Falkland Islands. Dr Meagan Dewar, chair of the Antarctic Wildlife Health Network, told the Guardian that the situation among southern elephant seals was concerning. “At some sites we’ve had mass mortalities, where we are getting into the hundreds,” she said. “There is a likely chance it could be avian influenza.” So far tests have confirmed bird flu deaths at eight sites across the Antarctic, and the disease is suspected with confirmation from tests still pending at 20 further sites where animals have died. View image in fullscreen A southern elephant seal on the Falkland Islands. Photograph: imageBroker/Alamy Researchers reported that a number of elephant seals had been exhibiting symptoms of avian flu, such as difficulty breathing, coughing and accumulations of mucus around the nose. Lethargy, spasms and an inability to fly are symptoms in birds. While a number of seabird cases have been confirmed, many – including the elephant seals – are still classed as suspected, pending lab results. So far there are no recorded cases on the Antarctic mainland – home to unique ecosystems that are some of the world’s most isolated – but the disease is expected to arrive in the coming months as birds move. Dewar said: “It’s devastating to watch that happen and recording all the cases we’re getting.” Penguins are starting to cluster together as the breeding season starts, and this close contact makes them particularly vulnerable. Previous outbreaks in South Africa, Chile and Argentina show they are susceptible to the disease. “If the virus does start to cause mass mortality events across penguin colonies, it could signal one of the largest ecological disasters of modern times,” researchers wrote in a pre-print research paper last month. ‘Catastrophic’: bird flu reaches Antarctic for the first time Read more Many species in the Antarctic are found nowhere else, so the consequences for the region of highly pathogenic avian influenza (HPAI) spreading are unknown. The Scientific Committee on Antarctic Research said recently: “Given the dense breeding colonies of wildlife in the Antarctic and sub-Antarctic regions, HPAI is expected to have devastating impacts on the wildlife and to lead to catastrophic breeding failure and mortality events in the region.” The virus has killed an estimated 20,000 sea lions in Chile and Peru. Dewar said: “If we start to get outbreaks similar to what we’ve seen in South America that could have very big impacts. Emperor penguins and chinstrap penguins have been taking significant declines, so if we get large outbreaks in those species, that could cause further pressure on those colonies.” The current outbreak of the highly infectious variant of H5N1 – which started in 2021 – is estimated to have killed millions of wild birds. The strain spreading in Antarctica is clade 2.3.4.4b, which has decimated bird populations across the UK, continental Europe, South Africa and the Americas, with seabird colonies experiencing losses of 50% to 60%. The H5N1 strain has not yet reached Oceania View image in fullscreen Adélie penguins during nesting season on the Antarctica’s Danger Islands. Photograph: Michael Polito/AFP/Getty Dr Michelle Wille, from the Centre for Pathogen Genomics and the University of Melbourne, who is helping to record deaths, said: “It’s terrible news that it’s now in the sub-Antarctic, and we are very worried about viral spread into the Antarctic. In addition to negative affects on animals, the ‘removal’ of vast numbers of animals from the Antarctic ecosystem may have long-term ecosystem effects.” Researchers from the British Antarctic Survey and the British government’s Animal and Plant Health Agency are identifying possible cases, testing them and sharing data. It is challenging to record what is happening because of the size of Antarctica and the small number of people monitoring it. A number of reports of mass deaths have come through tour vessels. 10,000 naps a day: how chinstrap penguins survive on microsleeps Read more Many places in South Georgia are now closed to tourists and even researchers have to go through a number of procedures to get there in a bid to stop the disease spreading, said Dr Michael Wenger, who trained as a marine biologist and has been working as a guide in Antarctica for 18 years. He added: “It’s already hard to estimate numbers in normal situations, because the area is huge and there are a lot of animals. Now with the areas closed, it’s even harder.” Explore more on these topics Antarctica The age of extinction Birds Bird flu Animals Wildlife Zoology Infectious diseases news Share Reuse this content Most viewed Most viewed",Invalide,bs4_fallback
https://thehorse.com/1124563/eia-confirmed-in-british-columbia-horse-2/,thehorse.com,2025-12-14 17:33:43,Invalide,Invalide,Invalide,failed
https://www.skynewsarabia.com/technology/1676153-%D9%84%D8%B3%D8%A8%D8%A8-%D9%85%D8%AC%D9%87%D9%88%D9%84-%D8%A7%D9%94%D8%B9%D8%B1%D8%A7%D8%B6-%D8%BA%D9%8A%D8%B1-%D9%85%D8%B9%D8%AA%D8%A7%D8%AF%D8%A9-%D8%AA%D8%B5%D9%8A%D8%A8-%D8%B3%D9%83%D8%A7%D9%86-%D8%A8%D9%84%D8%AF%D8%A9-%D9%84%D8%A8%D9%86%D8%A7%D9%86%D9%8A%D8%A9,skynewsarabia.com,2025-12-14 17:33:46,"لسبب مجهول.. أعراض ""غير معتادة"" تصيب سكان بلدة لبنانية | سكاي نيوز عربية","لسبب مجهول.. أعراض ""غير معتادة"" تصيب سكان بلدة لبنانية | سكاي نيوز عربية خاص لسبب مجهول.. أعراض ""غير معتادة"" تصيب سكان بلدة لبنانية l 8 ديسمبر 2023 - 00:43 بتوقيت أبوظبي إكرام صعب - بيروت - سكاي نيوز عربية وزارة الصحة اللبنانية تسعى لكشف سبب الأعراض على بعض السكان انشغلت وزارة الصحة العامة في لبنان، الخميس، بالبحث عن سبب أعراض غير معتادة رافقت حالات تسمم لمجموعة من العائلات في الجاهلية، إحدى بلدات محافظة جبل لبنان في قضاء الشوف وسط البلاد، بعد انتشار خبر ظهورها على أكثر من 35 شخص. وكانت أبرز الأعراض المرصودة تورم في الوجه، وإسهال حاد، وارتفاع في درجة الحرارة، مع تكهنات بارتباطها بتناول نوع من اللحوم أو بمياه شرب ملوثة. وتضاربت المعلومات حول أسباب هذه الأعراض التي بدت على أفراد العائلات المصابة، بانتظار نتائج الفحوص المخبرية التي باشرتها وزارة الصحة لتحديد الأسباب، وسط قلق أبناء المنطقة استدعى استنفار أكثر من جهة رسمية وغير رسمية في قضاء الشوف. وقالت وزارة الصحة في بيان، الخميس: ""وردت إلى الوزارة بتاريخ 5 ديسمبر بلاغات عن حالات مرضية تسجل منذ 30 نوفمبر في بلدة الجاهلية بقضاء الشوف"". وأضاف البيان: ""فور حصول الوزارة على بلاغات بظهور مثل هذه العوارض على العائلات، باشر قسم الترصد الوبائي عملية التقصي، وتم الكشف عن محلات الجزارين الموجودة في البلدة، مع جمع عينات وإرسالها إلى مختبرات خاصة في مركز البحوث الزراعية التابع لوزارة الزراعة"". وكشف مصدر في وزارة الصحة لموقع ""سكاي نيوز عربية""، أن ""الوزارة باشرت بالعمل على تقييم مياه النهر في البلدة""، من دون ذكر تفاصيل لحين ظهور النتائج. تضارب بشأن المصدر أوضح أحد سكان البلدة أن الأهالي تلقوا منذ ما يقارب 10 أيام عبر مصادر حزبية في البلدة، مساعدات غذائية معلبة من خارج لبنان مصدرها إيران. أضاف الشاهد الذي رفض الكشف عن اسمه، أن كل من تلقى وتناول من اللحوم المعلبة التي وصلت داخل هذه الحصص، بدت عليه الأعراض. قال شاهد آخر إنه يجب الكشف عن الملاحم ونوعية اللحوم التي تباع فيها، خصوصا بعد انتشار أنباء في لبنان أن لحوما هندية مجهولة المصدر تباع خلسة من دون رقيب أو حسيب. قالت سيدة من أبناء بلدة الجاهلية لموقع ""سكاي نيوز عربية""، إن سبب العوارض ربما يكون تلوث مياه النهر الذي تغير لونه بعد هطول المطر. أضافت: ""أحد الأطباء في المنطقة عزا السبب إلى وجود مخلفات لحوم في النهر، وربما السبب يكمن هنا. ما رأي الطب؟ توقع طبيب الأمراض الجرثومية في بيروت جاك مخباط، في حديث لموقع ""سكاي نيوز عربية""، أن تكون العائلات مصابة بما يعرف بجرثومة ""تريشينوز""، وهي طفيل يصيب اللحوم وينتقل إلى جسم من يتناولها غير مطهية جيدا. وقال مخباط: ""أبرز أعراض هذه الجرثومة تورم العينين وارتفاع درجات الحرارة و الإسهال ""، لافتا إلى أن الإصابة بهذه الجرثومة غير مميتة، إنما تصاحبها آلام شديدة. وقال مصدر في بلدية الجاهلية لموقع ""سكاي نيوز عربية""، إن سبب الأعراض المرضية يرجح أن يكون التلوث الذي أصاب النهر الذي تشرب منه البلدة. ودعا المصدر إلى ""الإسراع في تنظيف محطات تكرير المياه في المنطقة، خصوصا أنها كانت متوقفة عن العمل في فترة ما بسبب عدم تأمين مادة المازوت فيها"". لبنان عاجل l أبو ظبي - سكاي نيوز عربية {{::article.mediaAsset.caption}} {{article.match.competition}} - {{article.match.roundName}} * - * ألغيت تأجلت توقفت مباشر وكانت أبرز الأعراض المرصودة تورم في الوجه، وإسهال حاد، وارتفاع في درجة الحرارة، مع تكهنات بارتباطها بتناول نوع من اللحوم أو بمياه شرب ملوثة. وتضاربت المعلومات حول أسباب هذه الأعراض التي بدت على أفراد العائلات المصابة، بانتظار نتائج الفحوص المخبرية التي باشرتها وزارة الصحة لتحديد الأسباب، وسط قلق أبناء المنطقة استدعى استنفار أكثر من جهة رسمية وغير رسمية في قضاء الشوف. وقالت وزارة الصحة في بيان، الخميس: ""وردت إلى الوزارة بتاريخ 5 ديسمبر بلاغات عن حالات مرضية تسجل منذ 30 نوفمبر في بلدة الجاهلية بقضاء الشوف"". وأضاف البيان: ""فور حصول الوزارة على بلاغات بظهور مثل هذه العوارض على العائلات، باشر قسم الترصد الوبائي عملية التقصي، وتم الكشف عن محلات الجزارين الموجودة في البلدة، مع جمع عينات وإرسالها إلى مختبرات خاصة في مركز البحوث الزراعية التابع لوزارة الزراعة"". وكشف مصدر في وزارة الصحة لموقع ""سكاي نيوز عربية""، أن ""الوزارة باشرت بالعمل على تقييم مياه النهر في البلدة""، من دون ذكر تفاصيل لحين ظهور النتائج. تضارب بشأن المصدر أوضح أحد سكان البلدة أن الأهالي تلقوا منذ ما يقارب 10 أيام عبر مصادر حزبية في البلدة، مساعدات غذائية معلبة من خارج لبنان مصدرها إيران. أضاف الشاهد الذي رفض الكشف عن اسمه، أن كل من تلقى وتناول من اللحوم المعلبة التي وصلت داخل هذه الحصص، بدت عليه الأعراض. قال شاهد آخر إنه يجب الكشف عن الملاحم ونوعية اللحوم التي تباع فيها، خصوصا بعد انتشار أنباء في لبنان أن لحوما هندية مجهولة المصدر تباع خلسة من دون رقيب أو حسيب. قالت سيدة من أبناء بلدة الجاهلية لموقع ""سكاي نيوز عربية""، إن سبب العوارض ربما يكون تلوث مياه النهر الذي تغير لونه بعد هطول المطر. أضافت: ""أحد الأطباء في المنطقة عزا السبب إلى وجود مخلفات لحوم في النهر، وربما السبب يكمن هنا. ما رأي الطب؟ توقع طبيب الأمراض الجرثومية في بيروت جاك مخباط، في حديث لموقع ""سكاي نيوز عربية""، أن تكون العائلات مصابة بما يعرف بجرثومة ""تريشينوز""، وهي طفيل يصيب اللحوم وينتقل إلى جسم من يتناولها غير مطهية جيدا. وقال مخباط: ""أبرز أعراض هذه الجرثومة تورم العينين وارتفاع درجات الحرارة و الإسهال ""، لافتا إلى أن الإصابة بهذه الجرثومة غير مميتة، إنما تصاحبها آلام شديدة. وقال مصدر في بلدية الجاهلية لموقع ""سكاي نيوز عربية""، إن سبب الأعراض المرضية يرجح أن يكون التلوث الذي أصاب النهر الذي تشرب منه البلدة. ودعا المصدر إلى ""الإسراع في تنظيف محطات تكرير المياه في المنطقة، خصوصا أنها كانت متوقفة عن العمل في فترة ما بسبب عدم تأمين مادة المازوت فيها"". الأكثر قراءة {{sidebarWidgetTitle}} {{sidebarWidgetTitle}} {{breakingNewsWidgetTitle}} l عاجل المزيد {{radioWidgetTitle}} l اخترنا لكم الأكثر مشاهدة {{breakingNewsWidgetTitle}} l عاجل المزيد {{radioWidgetTitle}} l {{sidebarWidgetTitle}} {{sidebarWidgetTitle}}",Invalide,bs4_fallback
https://www.gov.uk/government/news/bluetongue-virus-detected-in-a-single-cow-in-kent,gov.uk,2025-12-14 17:33:49,Bluetongue virus – Latest situation: Chief Vet urges vigilance - GOV.UK,"Bluetongue virus – Latest situation: Chief Vet urges vigilance - GOV.UK Cookies on GOV.UK We use some essential cookies to make this website work. We’d like to set additional cookies to understand how you use GOV.UK, remember your settings and improve government services. We also use cookies set by other sites to help us deliver content from their services. You have accepted additional cookies. You can change your cookie settings at any time. You have rejected additional cookies. You can change your cookie settings at any time. Accept additional cookies Reject additional cookies View cookies Hide cookie message Skip to main content News story Bluetongue virus – Latest situation: Chief Vet urges vigilance Bluetongue does not affect human health or food safety. From: Department for Environment, Food & Rural Affairs and Animal and Plant Health Agency Published 18 July 2024 The UK’s Chief Veterinary Officer has urged farmers to remain vigilant for bluetongue virus. There has been a recent increase in confirmed BTV-3 cases in the Netherlands, Germany and Belgium with some animals showing severe clinical signs. Farmers are reminded that free testing is now available for animals moving from the highest risk counties to live elsewhere in Great Britain or to be sold at a market within a high-risk county where there will be buyers from outside the high-risk counties. This will help guard against animal movements potentially transporting undetected disease to new areas. The high-risk counties are Norfolk, Suffolk, Essex, Kent and East Sussex. Last November, APHA and The Pirbright Institute identified the first case of the disease in Great Britain through the annual bluetongue surveillance programme. Bluetongue virus is primarily transmitted by midge bites and affects cattle, goats, sheep and camelids such as llamas. The impacts on susceptible animals can vary greatly – some show no clinical signs or effects at all while for others it can cause productivity issues such as reduced milk yield, while in the most severe cases can be fatal for infected animals. Bluetongue does not affect human health or food safety. The virus can also be spread through germplasm (semen, ova, and embryos) as well as transmitted from mother to unborn offspring. Current situation There are currently no live cases of bluetongue virus and no evidence that there is circulating bluetongue virus in England. However, given the increase in temperature, there is now an increased risk and bluetongue transmission is possible. Biting midge activity increases with the warmer weather, and there remains a very high probability of a new introduction of bluetongue virus serotype 3 (BTV-3) into livestock in Great Britain in 2024 through infected biting midges being blown over from northern Europe, where a number of cases have now been detected. Farms close to the coast in counties along the east coast of England from Norfolk to Kent and along the south coast from Kent to Devon are at highest risk of incursion. Biting midges are most active between April and November and the timing of a potential incursion will depend on the temperature and wind patterns. There is an active surveillance programme running, which involves the trapping of midges across the country and working with partners such as the Met Office to monitor the likely spread of the virus based on temperature and wind patterns. Farmers should continue to monitor their animals frequently for clinical signs and make sure their animals and land are registered with APHA so we can locate animals in the event of an outbreak. Surveillance of susceptible animals and epidemiological assessments will continue. We will keep the situation under review. Find out more information on the latest situation and guidance . Control of the disease The Bluetongue Serotype 3 Disease Control Framework was developed in discussion with the farming industry. It sets out how disease control efforts will focus on movement control of susceptible animals and their germinal products (semen, eggs, ova and embryos) as a precautionary tool to stem spread of the disease until a safe and effective vaccine for bluetongue virus serotype 3 (BTV-3) becomes widely available. Work is underway with vaccine manufacturers to facilitate safe access to a BTV-3 vaccine as soon as possible, but it is vital that any vaccine has the confidence of industry, consumers and trading partners. This includes understanding the efficacy of any vaccine deployed across all species, together with potential impacts on trade. UK Chief Veterinary Officer Christine Middlemiss said: “Bluetongue does not pose a threat to human health or food safety, but the disease can impact livestock farms, and cause productivity issues. “Although there are currently no live cases of bluetongue virus in Great Britain, we know that the likelihood of the virus entering is increasing and so I would urge farmers to remain vigilant and report any suspicions to the Animal and Plant Health Agency. “If you intend to move animals to live out of high-risk counties please take advantage of this free testing as it will help stop the movement of undetected disease.” Animal and Plant Health Agency interim Chief Executive Jenny Stewart said: “The recent increase in cases in Europe underlines how important it is for farmers and animal keepers to continue monitoring their livestock and to take up the offer of free testing where necessary. “The Animal and Plant Health Agency’s risk assessment confirmed there is a very high chance of bluetongue virus entering Great Britain this year, and our world-leading scientists, vets and field teams stand ready to tackle an outbreak of bluetongue virus and ensure farmers are kept up to date and supported.” Strict rules on the movement of livestock from regions affected by bluetongue are already in place and farmers are reminded that animals imported from these regions must be accompanied by the relevant paperwork to clearly show they meet certain conditions designed to reduce disease risk, such as correct vaccination. Following confirmation of BTV in a non-imported animal in England, some trading partners may restrict exports of bluetongue susceptible animals or their products. The latest information on availability of individual export health certificates can be found on Gov.uk . NI and GB ruminants cannot be exported from an GB Assembly Centre to the European Union or moved to Northern Ireland until further notice. BTV is a notifiable disease. Suspicion of BTV in animals in England must be reported to the Animal and Plant Health Agency on 03000 200 301 More information about bluetongue is available here. Share this page The following links open in a new tab Share on Facebook (opens in new tab) Share on Twitter (opens in new tab) Updates to this page Published 18 July 2024 Is this page useful? Maybe Yes this page is useful No this page is not useful Thank you for your feedback Report a problem with this page Help us improve GOV.UK Don’t include personal or financial information like your National Insurance number or credit card details. This field is for robots only. Please leave blank What were you doing? What went wrong? Send Cancel Help us improve GOV.UK To help us improve GOV.UK, we’d like to know more about your visit today. Please fill in this survey (opens in a new tab ) . Cancel",Invalide,bs4_fallback
https://www.dostor.org/4574238,dostor.org,2025-12-14 17:33:53,تحصين 195 ألف رأس ماشية ضد الحمى القلاعية والوادي المتصدع بالغربية,"تحصين 195 ألف رأس ماشية ضد الحمى القلاعية والوادي المتصدع بالغربية تحصين 195 ألف رأس ماشية ضد الحمى القلاعية والوادي المتصدع بالغربية السبت 09/ديسمبر/2023 - 09:11 ص 12/9/2023 9:11:41 AM تحصين ماشية شريف عبد الغني - حسام فوزي جبر شارك طباعة أعلن الدكتور حاتم أنور، مدير مديرية الطب البيطرى بمحافظة الغربية، أن إجمالى ما تم تحصينه حتى اليوم  الخميس، 195 ألف رأس ماشية ضد الحمى القلاعية وحمى الوادي المتصدع على مستوى المحافظة، وذلك خلال الحملة القومية الثالثة لعام 2023 المستهدف تحصين  266 ألفًا و554 حيوانًا وأشار مدير مديرية الطب البيطري بالغربية، إلى أن المستهدف تحصينه على مستوى المحافظة خلال فترة الحملة، يبلغ 266 ألفًا و554 حيوانًا من الأبقار والجاموس والأغنام والماعز، وأنه تم اتخاذ كافة التدابير اللازمة وتوفير الأمصال واللقاحات والأدوية الكافية لإنجاح الحملة، لافتًا إلى أن التحصينات آمنة وفعالة ومتوفرة. وفى سياق متصل تحفظت مديرية الطب البيطرى بمحافظة الغربية، برئاسة الدكتور حاتم أنور على 281 عبوة أدوية بيطرية متنوعة الأصناف، منتهية الصلاحية ومجهولة المصدر، داخل محلات للمستلزمات البيطرية بمركز ومدينة المحلة الكبرى. وكان الدكتور حاتم أنور، مدير مديرية الطب البيطرى بمحافظة الغربية، قد قاد لجنة تفتيشية على مركز ومدينة المحلة الكبرى بالتنسيق مع شرطة البيئة والمسطحات والجهات المعنية، لإحكام السيطرة والرقابة على سوق بيع الأدوية البيطرية بالمحلات والعيادات البيطرية، وتم خلالها المرور على عدد من المراكز والعيادات البيطرية. وأكد مدير مديرية الطب البيطرى الدكتور حاتم أنور أنه تم رصد عبوات أدوية بيطرية متنوعة الأصناف منتهية الصلاحية وأخرى بدون فواتير ومجهولة المصدر بداخلها بإجمالى 281 عبوة لنحو 96 صنفًا من الأدوية البيطرية شارك طباعة الحمى القلاعية حمى الوادي المتصدع الحملة القومية الثالثة المستهدف تحصينه والجاموس واللقاحات الأمصال منتهية الصلاحية الأكثر قراءة ظهرت الآن.. طريقة معرفة نتيجة كلية الشرطة 2026 بالرقم القومي ورقم الملف بث مباشر شاهد مباراة بيراميدز وفلامينجو في إنتركونتيننتال بالفيديو الآن 780 مليون جنيه تحت الفحص.. النيابة تحقق في إهدار مال عام بقضية أرض الزمالك الأرقام الكاملة.. نتيجة القبول بكلية الشرطة لعام 2025- 2026 عاجل.. تفاصيل العثور على تمثالي الملك أمنحتب الثالث بالأقصر يلا شوت.. بث مباشر لمباراة مانشستر سيتي وكريستال بالاس الآن فيديو ﻣﻘﺎﻻﺕ محمود عبد الشكور ""الست"" التي كسبت كل الرهانات! د. باسم عادل أسئلة معلقة فى السماء «9»: هل اليقين رفاهية؟ علي رضا الجعفري إسماعيل بن الإمام جعفر الصادق عليه السلام.. قبسٌ من بيت النبوّة لواء. محسن الفحام الشائعات قضية أمن قومى بسنت حسن صاحب المكان صور تكريم محمد الباز في حفل إطلاق مبادرة ""الوعي حياة"" بجامعة العاصمة انتخابات النواب باليوم الثاني في فيصل (صور) انتخابات مجلس النواب 2025.. استمرار توافد الناخبين بعد فترة الراحة محطة تل أبيب المزيد بتكلفة 70 مليار دولار.. شركات مقاولات أمريكية تتنافس على إعادة إعمار غزة ""الخيط القرمزي"".. مخطط الاحتلال لإعادة رسم خريطة الضفة وفرض واقع الضم بالقوة جيش الاحتلال يعلن خفض عدد جنود الاحتياط إلى 20% الرئيسية مصر سياسي محافظات حوادث اقتصاد عالم فن توك شو رياضة في خدمتك الصحة والمنوعات الثقافة تحقيقات ومتابعات الكابتن الدين لله أيام زمان ملفات خاصة محطة تل أبيب ستوديو الدستور TV صور إنفوجراف الكرازة تكنولوجيا هنا السودان facebook twitter youtube instagram telegarm rss feed × بحث إلغاء",Invalide,bs4_fallback
https://www.cairo24.com/1916979,cairo24.com,2025-12-14 17:33:56,سنغافورة تعلق واردات الدواجن من عدة بلدان بسبب إنفلونزا الطيور,سنغافورة تعلق واردات الدواجن من عدة بلدان بسبب إنفلونزا الطيور البحث أخبار حوادث رياضة فن سياسة اقتصاد محافظات عاجل السيناريست هناء عطية تستغيث بوزارتي الصحة والثقافة بعد تعرضها لإهمال طبي | خاص مشاهدة مباراة بايرن ميونخ وماينز بث مباشر اليوم والقنوات الناقلة في الدوري الألماني سنغافورة تعلق واردات الدواجن من عدة بلدان بسبب إنفلونزا الطيور صحة وطب انفلونزا الطيور الأحد 10/ديسمبر/2023 - 09:55 ص أضف للمفضلة شارك شارك x facebook twitter rss feed أعلنت السلطات الصحية في سنغافورة، تعليق واردات الدواجن في مناطق من اليابان، والولايات المتحدة ودول أخرى ضربها تفشي إنفلونزا الطيور ، وفقًا لـ وسائل إعلام محلية. سنغافورة تعلق واردات الدواجن وتم اكتشاف فيروس أنفلونزا الطيور H5N1 شديد العدوى في مزارع في بلدان مثل اليابان وكندا وفرنسا، وتشمل هذه الأماكن أربع مقاطعات يابانية - ساغا وإيباراكي وسايتاما وكاجوشيما، بالإضافة إلى عدة مناطق في الولايات المتحدة وكندا وفرنسا وبلجيكا وألمانيا. وقالت وكالة الأغذية السنغافورية، إن القيود المؤقتة تم فرضها في ضوء أنفلونزا الطيور شديدة العدوى، والتي يطلق عليها عادة أنفلونزا الطيور. انتشار فيروس إنفلونزا الطيور وجاء في التعميم الخاص بالواردات اليابانية أن منتجات الدواجن المعالجة حراريًا والتي تتوافق مع إرشادات المنظمة العالمية لصحة الحيوان الخاصة بإبطال نشاط فيروس أنفلونزا الطيور لن تخضع للقيود، وتشير الدواجن المعالجة بالحرارة إلى منتجات مثل الأطعمة المصنعة. وعادة ما تضرب أنفلونزا الطيور، التي أدت إلى إعدام مئات الملايين من الطيور في السنوات الماضية، أوروبا خلال فصلي الخريف والشتاء، كما تم اكتشافه مؤخرًا في مزارع في كمبوديا واليابان وكوريا الجنوبية. وذكرت وسائل الإعلام اليابانية NHK في نوفمبر الماضي، أن الحكومة المحلية في مقاطعة ساجا ستعدم نحو 40 ألف طائر في المزرعة المتضررة، كما تعد البرازيل وماليزيا والولايات المتحدة من أهم مصادر الدجاج في سنغافورة. القطب الجنوبي يشهد نفوق جماعي للأفيال بسبب إنفلونزا الطيور.. والعلماء: أكبر كارثة بيئية بولندا تعلن تفشي إنفلونزا الطيور بالقرب من الحدود الألمانية تابعوا آخر أخبار القاهرة 24 عبر Google News سنغافورة إنفلونزا الطيور اليابان لدواجن الولايات المتحدة facebook twitter whats تابع مواقعنا دفاع عروس المنوفية بعد إحالة القضية للجنايات: كسر لها عظمة القص وقلبها توقف | بث مباشر 06:05 م النيابة العامة تنتدب لجنة من إدارة الكسب غير المشروع والأموال العامة لفحص أزمة أرض الزمالك | بث مباشر 05:57 م إصابة شاب صدمته سيارة نظافة في مدينة نصر| فيديو 04:39 م المزيد من الأكثر مشاهدة نتيجة مباراة الجزائر والإمارات.. المنتخب الإماراتي يقصي حامل اللقب من الدور ربع النهائي لكأس العرب قمة نارية.. موعد مباراة المغرب والإمارات في كأس العرب والقنوات الناقلة نتيجة مباراة الأهلي وإنبي.. الفريق البترولي يفوز على المارد الأحمر في أول لقاءات الفريقين بكأس عاصمة مصر مشاهدة مباراة مانشستر سيتي وكريستال بالاس بث مباشر اليوم والقنوات الناقلة في الدوري الإنجليزي نتيجة مباراة الأردن والعراق في كأس العرب.. النشامى يتأهل لنصف النهائي لمواجهة السعودية نتيجة مباراة بيراميدز وفلامنجو.. السماوي يخسر في نصف نهائي إنتركونتيننتال مشاهدة مباراة برشلونة وأوساسونا بث مباشر اليوم والقنوات الناقلة في الدوري الإسباني استعدادا لكأس الأمم الإفريقية.. موعد مباراة المنتخب المصري ضد نيجيريا والقنوات الناقلة الرئيسية أخبار حوادث اقتصاد فن رياضة سياسة محافظات ثقافة مقالات فيديو صحة وطب البومات الصور تقارير وتحقيقات كايرو لايت دين وفتوى تعليم سيارات خدمات facebook twitter youtube instagram Threads rss feed,Invalide,bs4_fallback
"https://dunyanews.tv/en/Health/776713-Girl,-2,-dies-after-catching-rare-virus-from-pigeon",dunyanews.tv,2025-12-14 17:34:00,"Girl, 2, dies after catching rare virus from pigeon - Health - Dunya News","Girl, 2, dies after catching rare virus from pigeon - Health - Dunya News OUR PICK Iceland to boycott 2026 Eurovision in protest of go-ahead for Israel US bombers join Japanese jets in show of force after China-Russia drills, Tokyo says Desperate Gazans pull iron bars from rubble to construct tents and scratch out a living UN cuts its aid appeal for 2026 despite soaring need In-focus Faiz Hameed Year-ender 2025 Close Girl, 2, dies after catching rare virus from pigeon Girl, 2, dies after catching rare virus from pigeon Close Doctors don't know how she got infected Follow on Published On: Mon, 11 Dec 2023
                                    
                                    07:03:08 PKT (Web Desk) - An Australian toddler has died after catching an illness rife in pigeons. Medics still don't know how the two-year-old, who was battling leukaemia, caught the highly contagious virus. But they think she might have got infected by touching pigeon faeces or fluids. The girl, who wasn't identified, is only the fifth human victim of Newcastle disease since records began in 1926. Caused by avian paramyxovirus type 1 (APMV-1), the illness causes a raft of deadly neurological symptoms including twisted necks or trembling wings in birds. But it is uncommon among humans and typically only leads to conjunctivitis. The toddler was admitted to the Prince of Wales Hospital in Randwick, New South Wales, after suffering cold-like symptoms, nausea and vomiting for three weeks. She had completed her second cycle of chemo just six weeks earlier. Medics said she had not recently travelled or come into contact with pets or sick family members. Over the following four days, her condition deteriorated as she suffered a series of epileptic seizures. MRI scan results did not raise anything of concern, while repeat test results for the cause of the virus also returned negative. She was given antiviral drugs, antibiotics and anti-seizure medications to help treat brain swelling and reduce discomfort. She died almost a month after being admitted after treatment failed to stop further brain tissue death. Related Topics Health Related News Silent killer warning as subtle eyesight change could be something far more serious Breast cancer survivors may not need so many mammograms after surgery, UK study suggests How unhealthy are ultra-processed foods? India drugs regulator orders quality checks on cough syrup ingredient WHO finds more contaminated medicinal syrups which are made in Pakistan US approves two gene therapies for sickle cell disease New blood test predicts your organs' true age, offers clues to future health Getting married can raise your blood pressure, but not for reasons you think Dunya News English News Urdu News Shows News Vidoes Video Headlines Newspaper Follow Us Important Links Blogs Sponsored Content Dunya Profile Dunya Digital English Pakistan World Business Cricket Sports Technology Entertainment Health Crime Weird Fake News Urdu پاکستان دنیا تجارت کرکٹ کھیل ٹیکنالوجی شوبز صحت فیچر کرائم دلچسپ و عجیب غیر مستند خبریں Shows Dunya Meher Bokhari Kay Sath Hasb-e-Haal Mazaq Raat On The Front Think Tank Nuqta E Nazar Peyam-E-Subh Voice of Dunya Ilm-O-Hikmat Dunya TV Special Tonight With Samar Abbas Ikhtalafi Note videos Viral Dunya Pakistan Ki Don't Miss Entertainment Sports World Pakistan Video Headlines News Video Headlines Coronavirus Covid-19 News Dashboard PSL 7 PSL 7 News Points Table Schedule & Results Newspaper Roznama Dunya Sunday Magazine E-paper Editions Lahore Islamabad Karachi Faisalabad Gujranwala Multan Follow Us YouTube Facebook X / Twitter Instagram Tiktok Whatsapp Links Search News Archive Contact us Advertise with us Blogs English Blog Urdu Blog Public Opinion Do you think creating smaller provinces will improve governance and development in Pakistan? Yes No Neutral Give Your Opinion Public Opinion",Invalide,bs4_fallback
https://vancouver.citynews.ca/2023/12/10/abbotsford-avian-flu-bc/,vancouver.citynews.ca,2025-12-14 17:34:04,Abbotsford avian flu cases found - CityNews Vancouver,"Abbotsford avian flu cases found - CityNews Vancouver Skip to main content Avian flu found at a commercial farm in Abbotsford Chickens are seen at a poultry farm in Abbotsford, B.C., on Thursday, Nov. 10, 2022. Canadian Food Inspection Agency data show there have been 39 B.C. outbreaks of H5N1 avian flu since Oct. 20, resulting in almost five million birds dying of infection or being ""humanely depopulated"" to halt the spread of the virus. THE CANADIAN PRESS/Darryl Dyck By The Canadian Press Posted December 10, 2023 4:28 pm. Last Updated December 10, 2023 4:29 pm. The Canadian Food Inspection Agency (CFIA) says it has detected the presence of Avian influenza at a commercial poultry farm in Abbotsford. It is now the 51st B.C. location where the contagious viral infection has been detected at commercial or backyard bird operations since October. Related articles: Avian flu hitting B.C. farmers hard amid one of the worst seasons: industry Avian flu is evolving. How worried should the world be? Avian flu leading to local turkey shortage in B.C. 8 skunks found dead in Metro Vancouver had avian flu: government Commonly known as bird flu, avian influenza can affect several species of food-producing birds as well as pet birds and wild birds. The CFIA’s national tally says more than five-and-a-half million birds have been culled in B.C. since the first case in the province in April 2022. No birds can be transported within a restricted zone so all of them must be put down to prevent the virus from spreading, the agency says. Amanda Brittain, chief information officer with the BC Poultry Association, has previously said the industry is on level “red” — the highest of three levels — in its biosecurity program as farmers fight to fend off the outbreaks, which have been triggered by migrating wild birds. With files from Emma Crawford Submit a Correction Accessibility Feedback Top Stories City of Abbotsford working on Return to Home plan for flood evacuees; DriveBC provides updated road closures The Fraser Valley has suffered another stressful night in the aftermath of an atmospheric river that overwhelmed local waterways, causing flooding, road closures and evacuation orders. 13h ago 'An act of evil': Gunmen kill 11 in terrorist attack on Jewish holiday event in Australia Two gunmen attacked a Hanukkah celebration on Sydney's Bondi Beach on Sunday, killing at least 11 people in what Australian Prime Minister Anthony Albanese called an act of antisemitic terrorism that struck... 24m ago Driver dead, passenger in serious collision after North Vancouver crash The North Vancouver RCMP is investigating a fatal single-vehicle collision Friday evening that left one person dead and sent another to hospital. 18h ago Abbotsford Police investigating fatal crash on Huntingdon Road The Abbotsford Police Department says it is investigating after a fatal crash on Huntingdon Road Saturday morning. 18h ago Top Stories City of Abbotsford working on Return to Home plan for flood evacuees; DriveBC provides updated road closures The Fraser Valley has suffered another stressful night in the aftermath of an atmospheric river that overwhelmed local waterways, causing flooding, road closures and evacuation orders. 13h ago 'An act of evil': Gunmen kill 11 in terrorist attack on Jewish holiday event in Australia Two gunmen attacked a Hanukkah celebration on Sydney's Bondi Beach on Sunday, killing at least 11 people in what Australian Prime Minister Anthony Albanese called an act of antisemitic terrorism that struck... 24m ago Driver dead, passenger in serious collision after North Vancouver crash The North Vancouver RCMP is investigating a fatal single-vehicle collision Friday evening that left one person dead and sent another to hospital. 18h ago Abbotsford Police investigating fatal crash on Huntingdon Road The Abbotsford Police Department says it is investigating after a fatal crash on Huntingdon Road Saturday morning. 18h ago Most Watched Today 2:43 Tips to keep pets safe this upcoming winter and holiday season The holidays are a busy time for families, including our pets. But experts say colder temperatures and festive decorations can also create hidden dangerous for our furry friends. Catalina Gillies reports. 17h ago 2:06 Burnaby Access Program students put together a creative book featuring dumpling characters Students from the Burnaby Access Program, which supports youth with disabilities and diverse abilities, have put together a book. The participants designed creative characters -- all in dumpling form -- to represent themselves. Shailee Shah reports. 17h ago 1:30 Fraser Valley community members coming together to support those impacted by flooding Fraser Valley residents are pulling together to help each other after flooding has led to evacuations and road closures.  Sarah Jones reports. 18h ago 1:46 Abbotsford farmers cut off by flood waters; mayor blasts federal government Flooding in Abbotsford has once again stranded farmers and damaged homes and businesses. As residents plead for help, the city's mayor is calling out the feds for what he says is a lack of action. Joe Sadowski has more. December 12, 2025 8:23 pm PST PST 2:24 B.C. provides a flood update Friday The provincial government provided an update Friday on the flooding that has led to evacuation alerts and orders in the Fraser Valley. Monika Gul has more. December 12, 2025 8:21 pm PST PST More Videos",Invalide,bs4_fallback
https://m.alayam24.com/articles-465826.html#google_vignette,m.alayam24.com,2025-12-14 17:34:11,مخاوف من انتشار انفلونزا الطيور الداجنة بالمغرب,مخاوف من انتشار انفلونزا الطيور الداجنة بالمغرب مخاوف من انتشار انفلونزا الطيور الداجنة بالمغرب مخاوف من انتشار انفلونزا الطيور الداجنة بالمغرب مستجدات الأيام 24 نشر في 10 ديسمبر 2023 الساعة  20 و 30 دقيقة شارك تتزايد المخاوف من انتشار فيروس أنفلونزا الطيور وسط الطيور الداجنة بالمغرب، في ظل تفشيه في عدد من الدول الأوروبية. وفي هذا الصدد، أفاد النائب البرلماني عبد الواحد الشافقي عن فريق التجمع الوطني للأحرار، بأن الوضع يستدعي اتخاذ حزمة من الإجراءات المشددة وتشديد المراقبة لتفادي دخول الفيروس إلى التراب الوطني وتجنب آثاره السلبية على قطاع الدواجن. جاء ذلك في سؤال كتابي وجهه النائب البرلماني الشافقي إلى وزير الفلاحة والصيد البحري والتنمية القروية والمياه والغابات، محمد صديقي. ودعا برلماني “الحمامة” الوزير صديقي، إلى الكشف عن التدابير والإجراءات الاستباقية التي تنوي الوزارة القيام بها لتفادي دخول الفيروس وحماية قطاع الدواجن بالمغرب. شارك الأيام 24 [email protected] مقالات مرتبطة : شاهد أيضا رياضة موعد مباراة المغرب والإمارات في نهائي كأس العرب مجتمع نشرة إنذارية.. أمطار قوية وثلوج مرتقبة بهذه المناطق المغربية السابق التالي اترك تعليق إلغاء الرد إقرأ أيضاً إفريقيا بسبب “تقاعس باريس”.. السنغال تعلق جميع عمليات تسليم المطلوبين إلى فرنسا رياضة مغربي في صفوف الخصم… قصة عصام فايز قبل موقعة نصف نهائي كأس العرب مجتمع الموت يفجع أحمد المرزوقي رياضة 3 أسلحة أردنية في يد السلامي تقلق المنتخب السعودي الأيام TV بعد الوزير السابق “مبديع”.. حقوقي يفضح ما يقع بالفقيه بن صالح ومسؤولون في قفص الاتهام بي بي سي عربية مقتل شخصين وإصابة آخرين في إطلاق نار بجامعة براون الأمريكية، والشرطة تواصل البحث عن المشتبه به بي بي سي عربية “المرحلة الثانية من خطة السلام في غزة قد تكون مستحيلة” – مقال في صنداي تايمز المنتخب الوطني السرية التامة تحاصر “أسود الأطلس” قبل انطلاق “الكان” خارج الحدود الملك تشارلز يكشف تطورات معركته مع السرطان مشاهير حقيقة إفلاس شيرين عبد الوهاب ومنعها من رؤية بناتها مجتمع “ONCF” يعلن افتتاح محطة ثالثة للقطارات بالرباط إفريقيا وزير الخارجية الأميركي يحذر رواندا من انتهاك “اتفاق واشنطن” المنتخب الوطني السكتيوي يلمح لتغييرات في تشكيلة المنتخب المغربي لمواجهة الإمارات حوادث توقيف 14 شخصا في أحداث شغب عنيف بالدار البيضاء بي بي سي عربية بين الطبيعة والمختبر: من ينتصر في معركة الألماس؟ سياسة العمراني: المغرب يصنع الإجماع الدولي بقوة رؤيته وجرأة مبادراته آراء القرقوري يكتب: الانتخابات ورهان تزكية الشباب.. آخر أوراق الشرعية في يد الأحزاب فلسطين بعد نائب رئيس الأركان.. إسرائيل تهدد بتصفية عز الدين الحداد بي بي سي عربية لماذا ينجب المتبرعون بالحيوانات المنوية مئات الأطفال؟ مجتمع حملة حازمة ضد ابتزاز زبناء الطاكسيات قبل “الكان” المنتخب الوطني منتخبات كبرى تتسابق لمواجهة “أسود الأطلس” استعدادا للمونديال سياسة تعاون برلماني مغربي مالاوي يربك خصوم الرباط في القارة بي بي سي عربية الجيش الإسرائيلي يوجّه إنذاراً عاجلاً لسكان قرية يانوح جنوب لبنان بي بي سي عربية عاجل: مقتل جنديين أمريكيين ومترجم على يد مسلح من تنظيم الدولة الإسلامية في سوريا بي بي سي عربية إسرائيل تعلن مقتل “قائد ركن التصنيع في حماس” بغارة على غزة، والحركة تدين استهداف سيارة دون الإشارة لمن فيها بي بي سي عربية ما قصة “الشموسة” التي أدت إلى سلسلة وفيات اختناق داخل منازل في الأردن؟ مستجدات مقتل ثلاثة أمريكيين في سوريا وترامب يتوعد بالرد سياسة “البوليساريو” توفد مبعوثا خاصا لجنوب إفريقيا مخافة تغيير موقفها من قضية الصحراء مجتمع طقس الأحد.. ثلوج وأمطار رعدية بهذه المناطق المغربية مستجدات توقيف 14 شخصا بمدينة الدار البيضاء حمل المزيد ... حمل المزيد ... لا مزيد من المشاركات الرئيسية سياسة مجتمع مال وأعمال حوادث خارج الحدود ملفات ساخنة المنتخب الوطني رياضة ثقافة وفن مشاهير منوعات الأيام TV يوم بيوم آراء الأيام الورقية النسخة العادية بي بي سي عربية Likes Followers Subscribers Followers Subscribe ✕ ✕,Invalide,bs4_fallback
https://www.aletihad.ae/news/%D8%B9%D8%B1%D8%A8%D9%8A-%D9%88%D8%AF%D9%88%D9%84%D9%8A/4449142/%D9%83%D9%88%D8%B1%D9%8A%D8%A7-%D8%A7%D9%84%D8%AC%D9%86%D9%88%D8%A8%D9%8A%D8%A9-%D8%AA%D9%83%D8%AA%D8%B4%D9%81-%D8%A5%D9%86%D9%81%D9%84%D9%88%D9%86%D8%B2%D8%A7-%D8%A7%D9%84%D8%B7%D9%8A%D9%88%D8%B1-%D9%81%D9%8A-%D9%85%D8%B2%D8%B1%D8%B9%D8%AA%D9%8A%D9%86-%D8%AC%D8%AF%D9%8A%D8%AF%D8%AA%D9%8A%D9%86,aletihad.ae,2025-12-14 17:34:15,كوريا الجنوبية تكتشف إنفلونزا الطيور في مزرعتين جديدتين  -  الاتحاد للأخبار,كوريا الجنوبية تكتشف إنفلونزا الطيور في مزرعتين جديدتين  -  الاتحاد للأخبار الأحد 14 ديسمبر 2025 أبوظبي الإمارات دبي °C الشارقة °C العين °C عجمان °C رأس الخيمة °C الفجيرة °C أم القيوين °C مواقيت الصلاة الفجر الظهر العصر المغرب العشاء علوم الدار الأخبار العالمية اقتصاد الرياضة وجهات نظر الترفيه التعليم والمعرفة فيديو برامج المزيد قصة صورة إنفوجراف كاريكتير بودكاست أخبار اقتصادية أسواق أسهم عملات سلع تسجيل الدخول علوم الدار الأخبار العالمية اقتصاد أخبار اقتصادية أسواق أسهم عملات سلع الرياضة وجهات نظر الترفيه التعليم والمعرفة الذكاء الاصطناعي تغطيات زيارة رئيس الدولة إلى فرنسا معرض أبوظبي الدولي للكتاب محمد بن زايد رئيساً للدولة خليفة بن زايد في ذمة الله ذكرى توحيد القوات المسلحة الإماراتية الأزمة الأوكرانية مسبار الأمل تغطية خاصة حول فيروس كورونا فيديو بودكاست إنفوجراف قصة صورة كاريكتير برامج عدد اليوم مواقيت الصلاة الأحوال الجوية قصة صورة إنفوجراف كاريكتير بودكاست أخبار اقتصادية أسواق أسهم عملات سلع أبرز الأخبار الإمارات تخفف معاناة نازحي غزة خلال الشتاء الأمم المتحدة: التوسع الاستيطاني بالضفة يبلغ أعلى مستوياته خبراء في الشؤون الأفريقية لـ«الاتحاد»: تدهور خطير للأوضاع الإنسانية في السودان واشنطن: أفعال رواندا في شرق الكونجو انتهاك لاتفاق السلام «الهجرة الدولية»: الأمطار تعرض النازحين للخطر 1092 مريضاً توفوا في غزة لتأخر الإجلاء الطبي أميركا تسعى لنشر قوات  دولية في غزة مطلع العام 4 قتلى بغارة على مدينة غزة الأمم المتحدة تعتزم تقييم استراتيجيتها الخاصة باللاجئين كمبوديا تغلق الحدود مع تايلاند مقتل جنديين أميركيين ومدني أميركي آخر بكمين في سوريا انطلاق التصويت في 9 بلديات ليبية طحنون بن زايد: السلام والاستقرار والازدهار لجميع دول العالم نهيان بن مبارك يحضر أفراح مواطنين في العين محمد الشرقي: الارتقاء بالصناعات الإبداعية لدعم التنمية المستدامة «مهرجان ليوا» يعكس رؤية أبوظبي في تقديم تجارب نوعية عالمية 5 فئات في سباق الدراجات بمهرجان ليوا الدولي %3.6 نسبة نمو العمالة الماهرة في الربع الثالث من العام القمر الاصطناعي «813».. نموذج للتكامل العربي في بناء وتطوير المشاريع الفضائية سفير الإمارات يقدم أوراق اعتماده إلى الرئيس السوري أسواق المال عدد اليوم عدد اليوم الأخبار العالمية كوريا الجنوبية تكتشف إنفلونزا الطيور في مزرعتين جديدتين مزرعة دواجن 9 ديسمبر 2023 17:58 أكدت كوريا الجنوبية، اليوم السبت، اكتشاف حالتي إصابة جديدتين بإنفلونزا الطيور في مزارع للدجاج، وهما الأحدث في سلسلة من الإصابات بالعدوى في البلاد. وظهرت حالة إصابة بسلالة «إتش 5 إن 1»، شديدة العدوى في مزرعة للدواجن بمدينة «جيمجي» جنوب غربي البلاد، والتي تضم قرابة 160 ألف دجاجة. وتم تأكيد الإصابة الثانية في مزرعة بمدينة «أسان»، غربي البلاد. وتضم المزرعة نحو 30 ألف دجاجة، وفقاً لوزارة الزراعة. بذلك، ترتفع حالات الإصابة بهذه السلالة إلى ست حالات، بحسب ما ذكرته وكالة «يونهاب» الكورية الجنوبية للأنباء. أخبار ذات صلة كوريا الجنوبية تتجه نحو تطبيق إطار تنظيمي للذكاء الاصطناعي صادرات السيارات الكورية تتجه للانخفاض لأول مرة منذ 5 سنوات المصدر: رويترز كوريا الجنوبية إنفلونزا الطيور مزرعة الدواجن آخر الأخبار الرياضة نيوكاسل يسقط بـ«نيران صديقة»! اليوم 20:31 الرياضة «ثنائية» روجرز تقود أستون فيلا إلى الفوز على وستهام اليوم 20:28 الأخبار العالمية ميلوني توجه نداء بشأن استراتيجية أميركا الأمنية الجديدة اليوم 20:28 الرياضة نوتنجهام يقسو على توتنهام بثلاثية اليوم 20:27 الرياضة مانشستر سيتي يضغط على أرسنال بـ «ثلاثية ساحقة» اليوم 20:24 الأكثر قراءة علوم الدار حكومة الإمارات تُصدر مرسوماً بقانون اتحادي بتعديل بعض أحكام قانون مكافحة المواد المخدرة والمؤثرات العقلية 11 ديسمبر 2025 الرياضة عاجل.. منتخبنا يقصي حامل اللقب ويتأهل إلى نصف نهائي كأس العرب 13 ديسمبر 2025 علوم الدار حالة جوية متوقعة على إمارة أبوظبي من السبت حتى الجمعة 13 ديسمبر 2025 للاشتراك بالنشرة الإخبارية اشترك علوم الدار الأخبار العالمية اقتصاد الرياضة وجهات نظر الترفيه التعليم والمعرفة فيديو إنفوجراف قصة صورة كاريكاتير برامج عن الاتحاد بيان الخصوصية شروط الخدمة إخلاء مسؤولية Aletihad English جميع الحقوق محفوظة لمركز الاتحاد للأخبار 2025©,Invalide,bs4_fallback
https://fr.apanews.net/news/des-epidemies-de-fievre-charbonneuse-dans-cinq-pays-africains/,fr.apanews.net,2025-12-14 17:34:18,Invalide,Invalide,Invalide,failed
https://www.bfmtv.com/international/amerique-latine/bresil/grippes-aviaire-pres-de-1-000-phoques-et-otaries-retrouves-morts-au-bresil_AN-202312110536.html,bfmtv.com,2025-12-14 17:34:22,Grippes aviaire: près de 1.000 phoques et otaries retrouvés morts au Brésil,"Grippes aviaire: près de 1.000 phoques et otaries retrouvés morts au Brésil Une otarie morte de la grippe aviaire en Argentine, le 28 août 2023 - Diego IZQUIERDO / TELAM / AFP La grippe aviaire a tué au Brésil près d'un millier de phoques et otaries. La grippe aviaire s'attaque aussi aux animaux marins. Au Brésil, près de 1.000 phoques et otaries en sont morts, rapporte l'agence Reuters ce lundi 11 décembre. Précisément, 942 individus ont été victimes de l'influenza aviaire dans l'État de Rio Grande do Sul. Un précédent bilan, fin octobre, faisait état de 500 individus retrouvés morts . Les carcasses des animaux doivent être enterrées ou incinérées pour éviter la contamination, tandis que les spécimens malades doivent être euthanasiés, selon l'océanographe brésilien Silvina Botta, cité par Reuters. 148 foyers dans le pays La contagion chez les mammifères marins semble avoir commencé au Pérou , puis avoir fait le tour du continent sud-américain, touchant la faune sauvage au Chili, en Argentine, en Uruguay et maintenant au Brésil. Le ministère brésilien de l'agriculture a signalé 148 foyers de grippe aviaire dans le pays, principalement le long de la côte, déclarant une urgence sanitaire pour contenir la maladie, qui, selon lui, ""n'est pas encore considérée comme endémique au Brésil"". Le Brésil maintient donc son statut de pays ""indemne de la maladie"", car ""aucune production commerciale (de volailles, NDLR) n'a été affectée"" jusqu'à présent, selon le gouvernement. En France, le niveau de risque lié à la grippe aviaire sur le territoire métropolitain français a été relevé le 5 décembre de ""modéré"" à ""élevé"" après la détection de ""plusieurs foyers"". Les plus lus ""On ne peut rien exclure"": le patron de la FNSEA n'écarte pas l'absence de bovins pour le prochain Salon de l'agriculture ""Vous avez fait de cette clinique un cimetière"": le parquet requiert la réclusion criminelle à perpétuité contre l'ex-anesthésiste Frédéric Péchier ""Le cadeau de Noël le plus recherché de France"": Intermarché va produire une peluche à l'effigie du loup de sa publicité des fêtes de fin d'année Comment les propos de Brigitte Macron ont remis la lumière sur l'humoriste Ary Abittan Quand connaîtra-t-on le successeur de Didier Deschamps en équipe de France? Philippe Diallo en dit plus A la Une Eurovision Junior 2025: découvrez ""Ce monde"", la chanson qui a permis à Lou Deleuze d'offrir à la France sa quatrième victoire au concours",Invalide,bs4_fallback
https://thehorse.com/1124584/ehm-confirmed-at-fairmount-park-racetrack/,thehorse.com,2025-12-14 17:34:27,Invalide,Invalide,Invalide,failed
https://www.wibw.com/2023/12/12/avian-influenza-confirmed-mcpherson-rice-counties/,wibw.com,2025-12-14 17:34:31,"Avian Influenza confirmed in McPherson, Rice counties","Avian Influenza confirmed in McPherson, Rice counties Skip to content MANHATTAN, Kan. (WIBW) - Avian Influenza has been identified in McPherson and Rice counties. The Kansas Department of Agriculture (KDA), in conjunction with the U.S. Department of Agriculture’s Animal and Plant Health Inspection Service (USDA-APHIS), has identified highly pathogenic avian influenza (HPAI) in two egg layer facilities - one in McPherson County and one in Rice County. This marks five cases of HPAI in Kansas this fall. Since the start of the outbreak in 2022, there have been 21 cases of HPAI in Kansas. KDA officials said they are working closely with USDA–APHIS on a joint incident response at the affected premises in the two affected counties. According to KDA’s animal health officials, the facilities both increased their biosecurity upon the initial HPAI outbreak in 2022 and have been continuously monitoring their flock. Upon noticing clinical signs of HPAI in their birds, they immediately contacted KDA. The affected premises were placed under quarantine and the birds will be humanely depopulated and disposed of in an approved manner to prevent the spread of the disease. KDA officials said in addition, they will be establishing a 20-km surveillance zone around the infected premises, and other farms or properties with poultry that fall within that zone will not be allowed to move birds or poultry products on or off their property without permission from KDA. The animal health team is working to locate all poultry owners in the area to ensure they know the symptoms of HPAI and are taking critical steps to protect their birds. If you own poultry and live in McPherson or Rice counties, please contact KDA at 833-765-2006 or KDA.HPAI@ks.gov . You can also self-report your birds HERE . KDA officials indicated this outbreak of HPAI is primarily spread by migrating wild waterfowl, so a critical part of protecting your flock is to establish separation between your domestic birds and wild birds as they migrate through your region. Anyone involved with poultry production from the small backyard chicken owner to the large commercial producer should review their biosecurity activities to assure the health of their birds. Find guidance on biosecurity on the KDA Division of Animal Health webpage at agriculture.ks.gov/AvianInfluenza . KDA officials said highly pathogenic avian influenza is a contagious viral disease that can infect chickens, turkeys and other birds and can cause severe illness and/or sudden death in infected birds. Poultry owners should attentively monitor your birds for symptoms of HPAI which include: coughing, sneezing, nasal discharge, and other signs of respiratory distress; lack of energy and appetite; decreased water consumption; decreased egg production and/or soft-shelled, misshapen eggs; incoordination; and diarrhea. Avian influenza can also cause sudden death in birds even if they aren’t showing other symptoms. KDA officials noted if these symptoms are observed in your birds, immediately contact your veterinarian. If you don’t have a regular veterinarian, contact KDA’s Division of Animal Health office toll-free at 833-765-2006. According to the U.S. Centers for Disease Control and Prevention , KDA officials said the recent HPAI detections do not present an immediate public health concern or a food safety concern. As a reminder, the proper handling and cooking of all poultry and eggs to an internal temperature of 165˚F is recommended as a general food safety precaution. KDA officials noted for more information about HPAI, including current status of the confirmed cases in other states and more information about biosecurity for your flock, go to KDA’s avian influenza webpage at agriculture.ks.gov/AvianInfluenza or call KDA at 833-765-2006. Copyright 2023 WIBW. All rights reserved. Most Read 19-year-old female dies after being ejected from vehicle during crash Topeka man arrested for federal warrant after locating suspected stolen vehicle Fear grips Brown University after shooter kills 2 and wounds 9 as police search for shooter Trump pledges retaliation after 3 Americans are killed in Syria attack that the US blames on IS Identity of stabbing suspect shot, killed by law enforcement at Panasonic battery plant released Osage Co. restarts KPERS payments after six months, faces thousands in penalties KDOT: Polk-Quincy Viaduct progressing on schedule as winter approaches Are you the WIBW Santa? Complete contest rules Latest News 13 News This Morning Sunday Edition 34th Red Stocking Breakfast sends local funds back to Topeka families Holiday Fling offering last-minute gift options at Stormont Vail Events Center One Topeka home continues to shine extra bright each holiday season Identity of stabbing suspect shot, killed by law enforcement at Panasonic battery plant released K-State MBB battles, beats Creighton on the road Washburn MBB takes down Central Missouri in 2OT AIM Strategies LLC gifting Topekans cash for Christmas through interactive scavenger hunt",Invalide,bs4_fallback
https://www.cairo24.com/1918990,cairo24.com,2025-12-14 17:34:37,شركة أمريكية تغلق نشاطها بسبب تفشي إنفلونزا الطيور,شركة أمريكية تغلق نشاطها بسبب تفشي إنفلونزا الطيور البحث أخبار حوادث رياضة فن سياسة اقتصاد محافظات عاجل السيناريست هناء عطية تستغيث بوزارتي الصحة والثقافة بعد تعرضها لإهمال طبي | خاص مشاهدة مباراة بايرن ميونخ وماينز بث مباشر اليوم والقنوات الناقلة في الدوري الألماني شركة أمريكية تغلق نشاطها بسبب تفشي إنفلونزا الطيور صحة وطب إنفلونزا الطيور الأربعاء 13/ديسمبر/2023 - 10:26 ص أضف للمفضلة شارك شارك x facebook twitter rss feed قالت شركة كال ماين فودز لإنتاج البيض، إنها أوقفت الإنتاج مؤقتا في منشأة في كانساس بعد أن ثبتت إصابة بعض القطيع بإنفلونزا الطيور، وفقًا لـ رويترز. مرض إنفلونزا الطيور وأضافت الشركة أن مرض إنفلونزا الطيور شديد العدوى، أصاب حوالي 684 ألف دجاجة بياضة، أو ما يقرب من 1.6% من إجمالي قطيعها. وأوضحت شركة كال ماين، أن هذه الاكتشافات لا تشكل مصدر قلق مباشر على الصحة العامة ولا تشكل تهديدًا للإمدادات الغذائية، وفقًا لوزارة الزراعة الأمريكية. وقالت أيضًا إنه لا يوجد حاليًا أي خطر معروف لمرض إنفلونزا الطيور المرتبط بالبيض في السوق ولم يتم سحب أي بيض، مضيفة أنه لم تكن هناك اختبارات إيجابية لفيروس إنفلونزا الطيور في أي مواقع أخرى للشركة حتى الآن. وانخفضت أسهم الشركة بشكل هامشي عند 48.80 دولارًا في تداولات ممتدة بعد الأخبار. وبحسب رويترز، تم القضاء على أكثر من 72.5 مليون دجاجة وديك رومي وطيور أخرى منذ بدء تفشي إنفلونزا الطيور في الولايات المتحدة في فبراير 2022، وفقًا لوزارة الزراعة الأمريكية. وتزايدت حالات الإصابة في الولايات المتحدة في قطعان الدواجن التجارية منذ أكتوبر 2023، حيث ألقى الخبراء باللوم على الطيور البرية في نشر المرض، تظهر البيانات الأمريكية أن كانساس لم تبلغ عن تفشي المرض في قطيع تجاري منذ فبراير 2023. بعد ارتفاع إصاباتها.. فيتنام تكافح انتشار إنفلونزا الطيور إنفلونزا الطيور تقضي على أكثر من 900 فقمة في جنوب البرازيل تابعوا آخر أخبار القاهرة 24 عبر Google News إنفلونزا الطيور مرض إنفلونزا الطيور فيروس أنفلونزا الطيور تفشي أنفلونزا الطيور وزارة الزراعة الأمريكية facebook twitter whats تابع مواقعنا دفاع عروس المنوفية بعد إحالة القضية للجنايات: كسر لها عظمة القص وقلبها توقف | بث مباشر 06:05 م النيابة العامة تنتدب لجنة من إدارة الكسب غير المشروع والأموال العامة لفحص أزمة أرض الزمالك | بث مباشر 05:57 م إصابة شاب صدمته سيارة نظافة في مدينة نصر| فيديو 04:39 م المزيد من الأكثر مشاهدة نتيجة مباراة الجزائر والإمارات.. المنتخب الإماراتي يقصي حامل اللقب من الدور ربع النهائي لكأس العرب قمة نارية.. موعد مباراة المغرب والإمارات في كأس العرب والقنوات الناقلة نتيجة مباراة الأهلي وإنبي.. الفريق البترولي يفوز على المارد الأحمر في أول لقاءات الفريقين بكأس عاصمة مصر مشاهدة مباراة مانشستر سيتي وكريستال بالاس بث مباشر اليوم والقنوات الناقلة في الدوري الإنجليزي نتيجة مباراة الأردن والعراق في كأس العرب.. النشامى يتأهل لنصف النهائي لمواجهة السعودية نتيجة مباراة بيراميدز وفلامنجو.. السماوي يخسر في نصف نهائي إنتركونتيننتال مشاهدة مباراة برشلونة وأوساسونا بث مباشر اليوم والقنوات الناقلة في الدوري الإسباني استعدادا لكأس الأمم الإفريقية.. موعد مباراة المنتخب المصري ضد نيجيريا والقنوات الناقلة الرئيسية أخبار حوادث اقتصاد فن رياضة سياسة محافظات ثقافة مقالات فيديو صحة وطب البومات الصور تقارير وتحقيقات كايرو لايت دين وفتوى تعليم سيارات خدمات facebook twitter youtube instagram Threads rss feed,Invalide,bs4_fallback
https://www.youm7.com/story/2023/12/13/%D8%AA%D8%AD%D8%B5%D9%8A%D9%86-85-%D8%A3%D9%84%D9%81-%D8%B1%D8%A3%D8%B3-%D9%85%D8%A7%D8%B4%D9%8A%D8%A9-%D8%A8%D8%A8%D9%86%D9%89-%D8%B3%D9%88%D9%8A%D9%81-%D8%B6%D8%AF-%D8%A7%D9%84%D8%AD%D9%85%D9%89-%D8%A7%D9%84%D9%82%D9%84%D8%A7%D8%B9%D9%8A%D8%A9/6412169,youm7.com,2025-12-14 17:34:41,تحصين 85 ألف رأس ماشية ببنى سويف ضد الحمى القلاعية  - اليوم السابع,"تحصين 85 ألف رأس ماشية ببنى سويف ضد الحمى القلاعية  - اليوم السابع الرئيسية أخبار المحافظات تحصين 85 ألف رأس ماشية ببنى سويف ضد الحمى القلاعية اعمال التحصين فيسبوك واتساب بنى سويف هانى فتحى الأربعاء، 13 ديسمبر 2023 11:48 ص تتواصل فعاليات الحملة القومية لتحصين الثروة الحيوانية ضد أمراض الحمي القلاعية وحمى الوادي المتصدع، والتي تنفذها مديرية الطب البيطري ببني سويف، ضمن خطة الهيئة العامة للخدمات للبيطرية التابعة لوزارة الزراعة، لإجراء أعمال التحصين بالوحدات والإدارات البيطرية على مستوى قرى و مراكز المحافظة. حيث تضمن التقرير، الذي تعده مديرية الطب البيطري،الإشارة إلى أن إجمالي الحيوانات التي تم تحصينها قد وصل إلى  85 ألف و815 رأسا، منها 75 ألفا و717 رأسا من الأبقار، و9230 من الجاموس، و869 من الأغنام والماعز ، وذلك منذ استئناف العمل بالحملة في التاسع عشر من نوفمبر الماضي وحتى العاشر من ديسمبر الجاري جدير بالذكر أن مديرية الطب البيطري، بقيادة الدكتور أحمد الجبالي، أنهت استعداداتها لاستئناف الحملة القومية للتحصين ضد الحمى القلاعية والوادي المتصدع،بالوحدات البيطرية على مستوى مراكز ومدن المحافظة ،خاصة فيما يتعلق بإعداد وتجهيز الفرق الطبية،والأدوات والمعدات الخاصة بعمليات التحصين،وتوفير احتياجات الإدارات والوحدات من الأمصال واللقاحات والمستلزمات البيطرية والأدوات المستخدمة خلال الحملة. فيسبوك واتساب تابع آخر أخبار اليوم السابع على Google News بنى سويف اخبار بنى سويف اخبار المحافظات اخبار مصر الثروة الحيوانية تحصين الماشية الحمى القلاعية انسخ الرابط Short URL Copy Trending Plus اليوم السابع Trending تشكيل مانشستر سيتي ضد كريستال بالاس بالدوري الإنجليزي.. مرموش على الدكة الأحد، 14 ديسمبر 2025 03:22 م ضبط المتهمين بإشعال النيران فى شخص أمام زوجته وإصابته بحروق خطيرة.. صور الأحد، 14 ديسمبر 2025 03:18 م الطقس غدا.. انخفاض بالحرارة وأمطار وشبورة والصغري بالقاهرة 13 درجة الأحد، 14 ديسمبر 2025 03:14 م مواعيد مباريات منتخب مصر فى أمم أفريقيا.. البداية مع زيمبابوى 22 ديسمبر الأحد، 14 ديسمبر 2025 03:00 م شاى فى الخمسينة.. فنجان يوميا يحميك من هشاشة العظام الأحد، 14 ديسمبر 2025 02:46 م إحالة المتهم بقتل زوجته فى المنوفية بسبب خلافات بينهما إلى الجنايات الأحد، 14 ديسمبر 2025 02:22 م تقارير: غياب مرموش ضربة قوية للسيتي ومصر ثاني المرشحين لحصد أمم أفريقيا الأحد، 14 ديسمبر 2025 02:19 م استقرار سعر الدولار مقابل الجنيه فى البنوك المصرية الأحد، 14 ديسمبر 2025 02:10 م الأكثر قراءة أحمد السقا بعد جولة بصالة تحرير اليوم السابع: منبر إعلامى قوى حافظ على مكانته مانشستر سيتى يكتسح كريستال بالاس بثلاثية بمشاركة شرفية لمرموش.. فيديو أحمد الأحمد المسلم بطل اليوم في أستراليا بعد تصديه للهجوم الإرهابى.. فيديو نتيجة كلية الشرطة كاملة لعام 2025/ 2026 ثانوية عامة ومتخصصين.. فيديو كل ما تريد معرفته عن قتل وإصابة 42 شخصا بهجوم استهدف عيد حانوكا بأستراليا مادورو يثير الجدل بإعلان بدء عام  2026 في فنزويلا ويطلق معركة إعلامية زوجة ضحية الدفاع عن منزله فى كفر الشيخ: ""سكبوا البنزين على جسمه وولعوا فيه"" الطقس غدا.. انخفاض بالحرارة وأمطار وشبورة والصغري بالقاهرة 13 درجة وزير الداخلية يعتمد نتيجة قبول دفعة جديدة بأكاديمية الشرطة للعام 2025/2026.. قبول 2757 طالبا بعد اختبارات دقيقة بأحدث التقنيات.. 48 ألف متقدم والنتيجة تعتمد على الشفافية.. اختيار عناصر نسائية وخريجى الحقوق نتيجة كلية الشرطة 2026 كاملة لجميع التخصصات.. بالأرقام تقارير: غياب مرموش ضربة قوية للسيتي ومصر ثاني المرشحين لحصد أمم أفريقيا بدء إبلاغ المقبولين بكلية الشرطة بنتائج القبول للعام الدراسى الجديد مستشار الرئيس للصحة يوصى بالبقاء بالمنزل عند الشعور بأعراض الأنفلونزا ""A""H1N1 سعد الصغير ينتقد غياب المطربين عن عزاء أحمد صلاح: مهنتنا مناظر أمام الكاميرات وزير الداخلية يعتمد نتيجة قبول دفعة جديدة بأكاديمية الشرطة اعرف الرابط الرسمى للاستعلام عن نتائج اختبارات كلية الشرطة صحيفة إنجليزية تحذر رونالدو من انتقال محمد صلاح إلى الدوري السعودي اعرف كيفية الحصول على نتيجة كلية الشرطة لعام 2025/2026 إخطار المقبولين بكلية الشرطة للعام الدراسي الجديد هاتفيًا وبرسائل نصية أكاديمية الشرطة تعلن نتيجة الطلاب المتقدمين لها اليوم لا يفوتك انطلاق تصويت المصريين بالخارج في 55 دائرة بجولة الإعادة للمرحلة الثانية العاشرة مساء الأحد، 14 ديسمبر 2025 06:30 م النيابة الإدارية تعلن فتح باب التقديم لوظائف معاون نيابة دفعة 2024.. فيديو الأحد، 14 ديسمبر 2025 05:00 م تفاصيل إحالة المتهم بقتل زوجته فى المنوفية إلى الجنايات.. فيديو الأحد، 14 ديسمبر 2025 04:47 م تفاصيل تصريحات مدبولى حول مساندة ماسبيرو والصحف القومية.. فيديو الأحد، 14 ديسمبر 2025 03:24 م تشكيل مانشستر سيتي ضد كريستال بالاس بالدوري الإنجليزي.. مرموش على الدكة الأحد، 14 ديسمبر 2025 03:22 م تفاصيل الغارة الأمريكية على سوريا بعد مقتل جنديين على يد داعـش.. فيديو الأحد، 14 ديسمبر 2025 03:13 م مواعيد مباريات منتخب مصر فى أمم أفريقيا.. البداية مع زيمبابوى 22 ديسمبر الأحد، 14 ديسمبر 2025 03:00 م تقارير: غياب مرموش ضربة قوية للسيتي ومصر ثاني المرشحين لحصد أمم أفريقيا الأحد، 14 ديسمبر 2025 02:19 م أجواء باردة وأمطار وشبورة.. تفاصيل حالة الطقس الساعات المقبلة.. فيديو الأحد، 14 ديسمبر 2025 02:00 م مجموعة مصر.. رئيس زيمبابوي يدعم المنتخب بـ400 ألف دولار قبل أمم أفريقيا الأحد، 14 ديسمبر 2025 01:36 م موعد مباراة منتخب مصر ونيجيريا الودية فى البروفة الأخيرة لأمم أفريقيا الأحد، 14 ديسمبر 2025 01:30 م أخبار مصر.. التنمية المحلية: تخفيض رسوم ترخيص المحال العامة لمدة 6 أشهر بنسبة تصل لـ50% الأحد، 14 ديسمبر 2025 01:17 م المزيد من Trending Plus الرئيسية عاجل سياسة تقارير حوادث محافظات تحقيقات رياضة كرة عالمية اقتصاد وبورصة كاريكاتير عرب عالم فن حظك اليوم تليفزيون ثقافة مرأة و منوعات صحة ألبومات مقالات تكنولوجيا فيديو 7",Invalide,bs4_fallback
https://www.dostor.org/4580941,dostor.org,2025-12-14 17:34:44,تحصين 215 ألف رأس ماشية ضد الحمى القلاعية والوادى المتصدع بالغربية,"تحصين 215 ألف رأس ماشية ضد الحمى القلاعية والوادى المتصدع بالغربية تحصين 215 ألف رأس ماشية ضد الحمى القلاعية والوادى المتصدع بالغربية الخميس 14/ديسمبر/2023 - 09:51 ص 12/14/2023 9:51:12 AM تحصين شريف عبد الغني - حسام فوزي جبر شارك طباعة قال الدكتور حاتم أنور، مدير مديرية الطب البيطر ي، بمحافظة الغربية، إن إجمالي ما تم تحصينه حتى اليوم الخميس 215 ألف رأس ماشية ضد الحمى القلاعية وحمى الوادي المتصدع على مستوى المحافظة، وذلك خلال الحملة القومية الثالثة لعام 2023. وأضاف حاتم أنور أن المستهدف تحصينه على مستوى المحافظة خلال فترة الحملة يبلغ 266 ألفًا و554 حيوانًا من الأبقار والجاموس والأغنام والماعز، وجرى اتخاذ كل التدابير اللازمة وتوفير الأمصال واللقاحات والأدوية الكافية لإنجاح الحملة، لافتًا إلى أن التحصينات آمنة وفعالة ومتوفرة. وفى سياق متصل، تحفظت مديرية الطب البيطرى بمحافظة الغربية، برئاسة الدكتور حاتم أنور، على 342 عبوة أدوية بيطرية متنوعة الأصناف، منتهية الصلاحية ومجهولة المصدر، داخل محلات للمستلزمات البيطرية بمركز ومدينة المحلة الكبرى. إحكام السيطرة والرقابة على سوق بيع الأدوية البيطرية وكان الدكتور حاتم أنور، مدير مديرية الطب البيطرى بمحافظة الغربية، قد قاد لجنة تفتيشية على مركز ومدينة المحلة الكبرى بالتنسيق مع شرطة البيئة والمسطحات والجهات المعنية، لإحكام السيطرة والرقابة على سوق بيع الأدوية البيطرية بالمحلات والعيادات البيطرية، وتم خلالها المرور على عدد من المراكز والعيادات البيطرية. وأكد حاتم أنه تم رصد عبوات أدوية بيطرية متنوعة الأصناف منتهية الصلاحية وأخرى بدون فواتير ومجهولة المصدر، بداخلها بإجمالى 342 عبوة لنحو 108 أصناف من الأدوية البيطرية. شارك طباعة الطب البيطري تحصينه وحمى الوادي المتصدع الحمى القلاعية الأبقار والجاموس والاغنام والماعز الأكثر قراءة ظهرت الآن.. طريقة معرفة نتيجة كلية الشرطة 2026 بالرقم القومي ورقم الملف بث مباشر شاهد مباراة بيراميدز وفلامينجو في إنتركونتيننتال بالفيديو الآن 780 مليون جنيه تحت الفحص.. النيابة تحقق في إهدار مال عام بقضية أرض الزمالك الأرقام الكاملة.. نتيجة القبول بكلية الشرطة لعام 2025- 2026 عاجل.. تفاصيل العثور على تمثالي الملك أمنحتب الثالث بالأقصر يلا شوت.. بث مباشر لمباراة مانشستر سيتي وكريستال بالاس الآن فيديو ﻣﻘﺎﻻﺕ محمود عبد الشكور ""الست"" التى كسبت كل الرهانات! د. باسم عادل أسئلة معلقة فى السماء «9»: هل اليقين رفاهية؟ علي رضا الجعفري إسماعيل بن الإمام جعفر الصادق عليه السلام.. قبسٌ من بيت النبوّة لواء. محسن الفحام الشائعات قضية أمن قومى بسنت حسن صاحب المكان صور تكريم محمد الباز في حفل إطلاق مبادرة ""الوعي حياة"" بجامعة العاصمة انتخابات النواب باليوم الثاني في فيصل (صور) انتخابات مجلس النواب 2025.. استمرار توافد الناخبين بعد فترة الراحة محطة تل أبيب المزيد بتكلفة 70 مليار دولار.. شركات مقاولات أمريكية تتنافس على إعادة إعمار غزة ""الخيط القرمزي"".. مخطط الاحتلال لإعادة رسم خريطة الضفة وفرض واقع الضم بالقوة جيش الاحتلال يعلن خفض عدد جنود الاحتياط إلى 20% الرئيسية مصر سياسي محافظات حوادث اقتصاد عالم فن توك شو رياضة في خدمتك الصحة والمنوعات الثقافة تحقيقات ومتابعات الكابتن الدين لله أيام زمان ملفات خاصة محطة تل أبيب ستوديو الدستور TV صور إنفوجراف الكرازة تكنولوجيا هنا السودان facebook twitter youtube instagram telegarm rss feed × بحث إلغاء",Invalide,bs4_fallback
https://thehorse.com/1124598/new-vsv-affected-premises-in-california-4/,thehorse.com,2025-12-14 17:34:46,Invalide,Invalide,Invalide,failed
https://odishatv.in/news/odisha/-lumpy-skin-disease-hits-cattle-in-cuttack-many-calves-dead-222540,odishatv.in,2025-12-14 17:34:49,"‘Lumpy Skin Disease’ hits cattle in Cuttack, many calves dead","‘Lumpy Skin Disease’ hits cattle in Cuttack, many calves dead Advertisment Odisha News ‘Lumpy Skin Disease’ hits cattle in Cuttack, many calves dead The symptoms of the disease include wounds on their bodies including faces and legs. The infected cattle lose their appetite and cannot stand on their legs. Puss comes out of the wounds and the cattle dies after some days. Mrunal Manmay Dash 14 Dec 2023 08:19 IST Calf Infected With Lumpy Skin Disease A deadly disease has spread among the cattle in Cuttack’s Nischintakoili block killing many cows and calves in the last few months. Advertisment The symptoms of the disease include wounds on their bodies including faces and legs. The infected cattle lose their appetite and cannot stand on their legs. Puss comes out of the wounds and the cattle dies after some days. As per reports, many cattle have died of the disease in the area and they continue to die. While the villagers alleged the doctors have failed to identify the disease so they do not know its treatment, the veterinarians term it as ‘Lumpy Skin Disease’. Advertisment “There is an unknown disease attacking our cows and calves. Forget about treatment, the doctors can’t even diagnose it. The medicines that they are prescribing have failed. Three cows have already died. There are two more infected cows in my cowshed that may die soon,” said Debendra Sahu, a local cow herder. Another cow herder, Kavita Rath said, “One calf in my cowshed has developed lumps on its skin. Those lumps are growing in size and accumulating puss in them. The calf is not eating anything and lost a lot of weight. The doctors have come several times and injected it with medicines but in vain.” Asked about the disease, veterinary doctor Sudipta Sahu said, “This disease is called ‘lumpy skin’. This is a viral disease. This time around, the virus is attacking the calves between the age of seven days to six months.” “We have vaccines for lumpy skin disease and the immunisation process is going on regularly. However, as per the vaccine protocol, we cannot inoculate calves below six months,” Sahu said. Unfortunately, lumpy cow skin disease has no direct antiviral treatment. Instead, the infected animals receive supportive care, which involves the use of antibiotics, painkillers, and wound care sprays to treat symptoms. Advertisment Read More Advertisment Read the Next Article",Invalide,bs4_fallback
https://www.kait8.com/2023/12/13/avian-flu-detected-northeast-arkansas-geese/,kait8.com,2025-12-14 17:34:55,Avian flu detected in Northeast Arkansas geese,"Avian flu detected in Northeast Arkansas geese Skip to content JONESBORO, Ark. (KAIT) - Biologists report finding geese infected with avian flu in several Northeast Arkansas counties, including Craighead. The Arkansas Game and Fish Commission said Wednesday that biologists conducting aerial surveys of waterfowl populations found small groups of dead snow geese and Ross’s geese in Arkansas, Craighead, and Lonoke counties. The geese were collected and tested positive for highly pathogenic avian influenza, AGFC said. Additional suspected cases have been found in Clay, Poinsett, Faulkner, Prairie, and Pulaski counties. Biologists report finding geese infected with avian flu in several Northeast Arkansas counties, including Craighead. (Arkansas Game and Fish Commission) “While sightings are not as prevalent as last year’s outbreak, the continued presence of the disease on the landscape does create a need to update hunters and anyone who has domestic birds or poultry livestock,” AGFC stated. While the risk of infection is low among humans, hunters can help minimize the risk by following the following guidelines: Harvest only waterfowl that act and look healthy. Do not handle or eat sick animals. Wear disposable gloves when handling and cleaning game and field dress outdoors or in a well-ventilated area. Wash hands thoroughly with soap and water afterward. Dispose of unwanted parts in a manner that prevents scavenging by domestic animals and wildlife. Thoroughly cook all game to an internal temperature of 165 degrees Fahrenheit before eating it. Do not feed pets or domestic animals uncooked portions of waterfowl. For more information, click here . Copyright 2023 KAIT. All rights reserved. Most Read Two dead, five injured in Lake City crash Manila holds candlelight vigil for students injured in crash Blood pressure medication recalled for potential cross-contamination, reports say Gov. Sarah Huckabee Sanders announces new Arkansas state park Forrest City School District reports possible tuberculosis case Multi-agency operation dismantles human trafficking ring in Mississippi County Grammy-nominated singer Jubilant Sykes found stabbed to death at California home; son arrested Crash on Highway 351 cleared Latest News Arkansas State Men’s basketball falls to Rice in final minutes Arkansas State Football's final practice in Jonesboro before Xbox Bowl Red Wolves Raw: Defensive End Demarcus Hendricks talks 1st Team Sun Belt and season Red Wolves Raw: Defensive End Ethan Hassler talks SBC 3rd Team and season Melbourne’s Jenna Lawrence leads Arkansas in win over Missouri State Melbourne's Jenna Lawrence leads Arkansas in win over Missouri State Harding advances to NCAA Division II National Championship game Brazile leads No. 17 Arkansas to 93-86 win over No. 16 Texas Tech in rematch of Sweet 16 game",Invalide,bs4_fallback
